,Id,Name
0,00e0g000001SBZzAAO,Marketo Sync
1,00e4u000001SCtIAAW,Identity User
2,00e4u000001SDMiAAO,Marketing Campaigns - Custom
3,00e4u000001SDQPAA4,System Administrator - Clone
4,00e4u000001aapdAAA,Minimum Access - Salesforce
5,00e70000000jseiAAA,Chatter External User
6,00e70000000jsejAAA,Chatter Free User
7,00e70000000jsekAAA,Chatter Moderator User
8,00e70000000k3QvAAI,Guest License User
9,00e70000000k3ZJAAY,Sales User
10,00e70000000k3btAAA,Customer Success
11,00e70000000k3iuAAA,Support
12,00e70000000k4arAAA,Manager
13,00e70000000k4eKAAQ,Force.com - App Subscription User
14,00e70000000k4gVAAQ,Force.com
15,00e70000000k4gzAAA,Manager - Force.com
16,00e70000000k4h4AAA,Sales Manager
17,00e70000000k55pAAA,Custom System Admin
18,00e70000000k56iAAA,Standard User - Custom
19,00e700000017zrLAAQ,System Administrator
20,00e700000017zrOAAQ,Standard User
21,00e700000017zrPAAQ,Read Only
22,00e700000017zrQAAQ,Solution Manager
23,00e700000017zrRAAQ,Marketing User
24,00e700000017zrSAAQ,Contract Manager
25,00e70000001WN8BAAW,Standard Platform User
