CreatedDate,Department,Division,ForecastEnabled,Id,IsActive,ProfileId,TimeZoneSidKey,Title,UserRoleId
2012-09-25T22:03:21.000+0000,,,False,005700000023QYsAAM,True,00e700000017zrNAAQ,America/Los_Angeles,,
2014-08-25T20:42:16.000+0000,,,False,00570000003606pAAA,True,00e700000017zrNAAQ,America/Los_Angeles,,
2020-07-01T17:17:45.000+0000,Marketing,,False,0054u000006XkW5AAK,False,00e700000017zrPAAQ,America/Los_Angeles,Marketing Development Specialist,
2012-10-02T22:49:14.000+0000,,,False,00570000001vhIXAAY,False,00e700000017zrLAAQ,America/Los_Angeles,Sr. Account Executive,
2014-06-02T22:22:25.000+0000,,,False,005700000034x8tAAA,False,00e700000017zrOAAQ,America/Los_Angeles,,
2014-08-13T22:03:09.000+0000,,,False,005700000035pwQAAQ,False,00e70000000k4gVAAQ,America/Los_Angeles,,
2014-08-14T18:12:46.000+0000,,,False,005700000035rIIAAY,False,00e70000000k4gVAAQ,America/Los_Angeles,,
2014-10-10T07:23:59.000+0000,,,False,005700000036Yu0AAE,False,00e70000000k4gVAAQ,America/Los_Angeles,,
2015-01-08T08:09:28.000+0000,,,False,005700000037NuuAAE,False,00e70000000k4gVAAQ,America/Los_Angeles,,
2015-02-25T22:56:51.000+0000,,,False,005700000037x4aAAA,False,00e70000000k4gVAAQ,America/Los_Angeles,,
2015-04-22T19:27:42.000+0000,,,False,00570000004Dp6MAAS,False,00e70000000k4gVAAQ,America/Los_Angeles,,
2015-06-19T18:44:34.000+0000,,,False,00570000004Ee7aAAC,False,00e700000017zrOAAQ,America/Los_Angeles,,
2016-12-01T19:53:58.000+0000,,,False,00570000004zJsUAAU,False,00e70000000k3btAAA,America/Los_Angeles,,
2017-01-30T17:34:32.000+0000,,,False,005700000050KrAAAU,False,00e700000017zrLAAQ,America/Los_Angeles,,
2021-03-31T18:50:46.000+0000,Marketing,,False,0054u000006VCU2AAO,False,00e4u000001SDMiAAO,America/Los_Angeles,,00E4u000001glJvEAI
2014-04-22T01:57:37.000+0000,,,False,005700000034byrAAA,False,00e70000000k4h4AAA,America/Los_Angeles,CRO,00E70000000up9eEAA
2016-01-26T17:11:21.000+0000,,,False,00570000004XdIQAA0,False,00e700000017zrLAAQ,America/Los_Angeles,,00E70000000up9eEAA
2016-02-01T18:35:13.000+0000,Sales,,False,00570000004XfkbAAC,False,00e70000000k4h4AAA,America/Los_Angeles,VP of Global Sales,00E70000000up9eEAA
2016-02-25T20:51:45.000+0000,Marketing,,False,00570000004qL9EAAU,False,00e70000000k4h4AAA,America/Los_Angeles,BOSS,00E70000000up9eEAA
2017-01-19T16:28:24.000+0000,,,False,005700000050G49AAE,False,00e70000000k4h4AAA,America/Los_Angeles,,00E70000000up9eEAA
2017-04-11T17:50:10.000+0000,,,False,005700000050x9HAAQ,False,00e700000017zrLAAQ,America/Los_Angeles,,00E70000000up9eEAA
2016-04-04T19:28:32.000+0000,,,True,00570000005IGohAAG,False,00e70000000k4h4AAA,America/Los_Angeles,,00E70000000up9eEAA
2014-07-02T00:16:48.000+0000,,,True,005700000035KUGAA2,False,00e700000017zrLAAQ,America/Los_Angeles,,00E70000000up9jEAA
2019-09-03T16:47:46.000+0000,,,False,0050g000006RacYAAS,False,00e700000017zrPAAQ,America/New_York,,00E70000000up9tEAA
2014-12-02T17:42:22.000+0000,,,False,0057000000374sfAAA,False,00e70000000k3ZJAAY,America/Los_Angeles,,00E70000000up9tEAA
2014-12-10T21:56:41.000+0000,,,True,005700000037AphAAE,False,00e70000000k3ZJAAY,America/Los_Angeles,Director Strategic Partnerships,00E70000000up9tEAA
2014-04-22T22:35:18.000+0000,,,False,005700000034cX8AAI,False,00e70000000k3ZJAAY,America/Adak,Sales Director,00E70000000upA3EAI
2015-08-14T20:57:17.000+0000,Sales,,True,00570000004FNRGAA4,False,00e70000000k3ZJAAY,Australia/Sydney,Account Director - APAC,00E70000000upA3EAI
2020-10-19T23:46:28.000+0000,Customer Success,,False,0054u000006TWgkAAG,False,00e4u000001SCtIAAW,America/Los_Angeles,Customer Success Manager,00E70000000upA8EAI
2012-10-02T22:49:15.000+0000,,,False,00570000001vhIYAAY,False,00e70000000k3btAAA,America/Los_Angeles,,00E70000000upA8EAI
2014-04-01T22:44:50.000+0000,,,False,005700000034RVaAAM,False,00e70000000k3ZJAAY,America/Los_Angeles,Grizzly,00E70000000upA8EAI
2015-03-30T17:14:45.000+0000,,,False,00570000004DUqsAAG,False,00e70000000k3btAAA,America/Los_Angeles,Customer Success Manager,00E70000000upA8EAI
2015-03-30T17:15:27.000+0000,,,False,00570000004DUqxAAG,False,00e70000000k3btAAA,America/Los_Angeles,Manager - Strategic Partnerships,00E70000000upA8EAI
2015-08-24T18:34:34.000+0000,Marketing,,False,00570000004FUGUAA4,False,00e70000000k56iAAA,America/Los_Angeles,Content Marketing Specialist,00E70000000upA8EAI
2015-09-08T17:23:09.000+0000,Sales,,True,00570000004FgdGAAS,False,00e70000000k3btAAA,America/Los_Angeles,Sales Engineer,00E70000000upA8EAI
2015-10-27T17:04:23.000+0000,,,False,00570000004WwHjAAK,False,00e70000000k3iuAAA,America/Los_Angeles,Customer Support,00E70000000upA8EAI
2015-10-28T23:04:11.000+0000,,,False,00570000004WxJWAA0,False,00e70000000k56iAAA,America/Los_Angeles,Program Manager,00E70000000upA8EAI
2015-11-03T00:13:54.000+0000,,,False,00570000004WzoWAAS,False,00e70000000k3iuAAA,America/Los_Angeles,Customer Support,00E70000000upA8EAI
2015-11-18T23:50:02.000+0000,Finance,,False,00570000004XCfXAAW,False,00e70000000k3ZJAAY,America/Los_Angeles,Accountant Manager,00E70000000upA8EAI
2016-02-29T16:30:59.000+0000,Success,,False,00570000004qLNVAA2,False,00e70000000k3btAAA,America/Los_Angeles,Customer Success Manager,00E70000000upA8EAI
2016-08-05T18:45:03.000+0000,Marketing,,False,00570000004qmZnAAI,False,00e700000017zrLAAQ,America/Los_Angeles,Demand Gen Manager,00E70000000upA8EAI
2016-08-16T18:40:25.000+0000,,,False,00570000004qtdNAAQ,False,00e70000000k3btAAA,America/Los_Angeles,Customer Success,00E70000000upA8EAI
2016-08-19T15:59:53.000+0000,,,False,00570000004ybN8AAI,False,00e70000000k3btAAA,America/Los_Angeles,Advisor,00E70000000upA8EAI
2016-10-24T21:48:52.000+0000,,,False,00570000004z7IAAAY,False,00e70000000k3btAAA,America/Los_Angeles,Customer Success,00E70000000upA8EAI
2016-11-30T18:55:35.000+0000,Marketing,,False,00570000004zJKXAA2,False,00e700000017zrRAAQ,America/Los_Angeles,Content Director,00E70000000upA8EAI
2016-04-18T21:59:05.000+0000,HR,,False,00570000005IPGUAA4,False,00e70000000k3btAAA,America/Los_Angeles,Recruiter,00E70000000upA8EAI
2016-06-16T00:50:04.000+0000,Marketing,,False,00570000005IsFGAA0,False,00e70000000k55pAAA,America/Los_Angeles,Marketing Operations,00E70000000upA8EAI
2016-06-29T17:51:25.000+0000,,,False,00570000005IxESAA0,False,00e70000000k4h4AAA,America/Los_Angeles,Investor Relations,00E70000000upA8EAI
2015-05-04T21:22:18.000+0000,Product,,False,00570000004DymWAAS,False,00e70000000k3ZJAAY,America/Los_Angeles,Product Manager,00E70000000upADEAY
2015-11-16T23:07:54.000+0000,Sales,,False,00570000004X8gbAAC,False,00e70000000k3ZJAAY,America/Los_Angeles,Sales Development,00E70000000upADEAY
2016-01-18T18:43:09.000+0000,Sales,,True,00570000004XYBFAA4,False,00e70000000k3ZJAAY,America/Los_Angeles,Sales Development Rep,00E70000000upADEAY
2016-03-22T17:44:34.000+0000,,,True,00570000004Y2QyAAK,False,00e70000000k3ZJAAY,America/Los_Angeles,SDR,00E70000000upADEAY
2016-11-01T23:30:43.000+0000,Sales,,True,00570000004zAMZAA2,False,00e70000000k3ZJAAY,America/Los_Angeles,Sales Development Representative,00E70000000upADEAY
2016-12-01T16:57:32.000+0000,Sales,,False,00570000004zJqEAAU,False,00e70000000k3ZJAAY,America/Los_Angeles,Sales Development Representative,00E70000000upADEAY
2016-07-27T16:52:12.000+0000,,,True,00570000005JBHkAAO,False,00e70000000k3ZJAAY,America/Los_Angeles,SDR,00E70000000upADEAY
2019-09-23T16:46:02.000+0000,,,False,0050g000006RgJXAA0,False,00e70000000k55pAAA,America/Los_Angeles,,00E70000000upAIEAY
2014-08-15T18:07:20.000+0000,,,False,005700000035sK0AAI,False,00e700000017zrLAAQ,America/Los_Angeles,,00E70000000upAIEAY
2014-07-22T23:46:37.000+0000,,,False,005700000035Z9NAAU,False,00e700000017zrOAAQ,America/Los_Angeles,,00E70000000upEKEAY
2015-05-13T21:41:41.000+0000,Finance,,False,00570000004EBKQAA4,False,00e70000000k4gzAAA,America/Los_Angeles,CFO,00E70000000upEKEAY
2012-10-02T22:49:12.000+0000,,Mission Statement: Interested in understanding more about Business Operations,False,00570000001vhIWAAY,False,00e70000000k3iuAAA,America/Los_Angeles,Support Rep,00E70000000us72EAA
2015-03-30T17:15:49.000+0000,,,False,00570000004DUr2AAG,False,00e70000000k3iuAAA,America/Los_Angeles,Customer Support Manager,00E70000000us72EAA
2015-04-22T19:29:45.000+0000,,,False,00570000004Dp6bAAC,False,00e70000000k3iuAAA,America/Los_Angeles,,00E70000000us72EAA
2015-10-12T21:00:09.000+0000,Customer Support,,False,00570000004Wk8zAAC,False,00e70000000k3iuAAA,America/Los_Angeles,Customer Support Rep,00E70000000us72EAA
2015-11-19T23:03:45.000+0000,Product Development,,False,00570000004XDItAAO,False,00e70000000k3iuAAA,America/Los_Angeles,Data Scientist,00E70000000us72EAA
2015-12-03T17:22:16.000+0000,,,False,00570000004XJdsAAG,False,00e70000000k3iuAAA,America/Los_Angeles,Contractor,00E70000000us72EAA
2015-12-16T23:30:35.000+0000,Data Team,,False,00570000004XOnOAAW,False,00e70000000k3iuAAA,America/Los_Angeles,,00E70000000us72EAA
2015-12-18T20:48:37.000+0000,,,False,00570000004XQ7PAAW,False,00e70000000k3iuAAA,America/Los_Angeles,,00E70000000us72EAA
2020-11-03T13:58:13.000+0000,Sales,,True,0054u000006TdHcAAK,False,00e70000000k56iAAA,America/Los_Angeles,Account Executive,00E70000001MFrPEAW
2014-07-15T18:06:05.000+0000,,SDR,True,005700000035UAQAA2,False,00e70000000k3ZJAAY,America/Los_Angeles,,00E70000001MFrPEAW
2016-01-18T18:44:19.000+0000,Sales,,True,00570000004XYBKAA4,False,00e70000000k3ZJAAY,America/Los_Angeles,Account Executive,00E70000001MFrPEAW
2017-01-23T20:00:30.000+0000,Sales,,True,005700000050HF8AAM,False,00e70000000k3ZJAAY,America/Los_Angeles,Account Executive,00E70000001MFrPEAW
2020-10-06T18:48:19.000+0000,Sales,,False,0054u000006TQZ4AAO,False,00e70000000k56iAAA,America/Los_Angeles,Account Executive,00E70000001MFrUEAW
2012-09-25T22:03:21.000+0000,,,True,00570000001vfgbAAA,False,00e70000000k3ZJAAY,America/Los_Angeles,,00E70000001MFrUEAW
2014-07-21T16:13:30.000+0000,,,True,005700000035Y0UAAU,False,00e70000000k3ZJAAY,America/Los_Angeles,,00E70000001MFrUEAW
2015-11-10T00:18:13.000+0000,Sales,,False,00570000004X4mBAAS,False,00e70000000k3ZJAAY,America/Los_Angeles,Account Executive,00E70000001MFrUEAW
2015-12-08T02:40:12.000+0000,Sales,,True,00570000004XMRVAA4,False,00e70000000k4h4AAA,America/Los_Angeles,RVP Sales,00E70000001MFrUEAW
2016-09-19T17:22:56.000+0000,Sales,,True,00570000004ys2lAAA,False,00e70000000k3ZJAAY,America/Los_Angeles,Account Executive,00E70000001MFrUEAW
2016-11-01T23:00:07.000+0000,Sales,,False,00570000004zAM5AAM,False,00e70000000k3ZJAAY,America/Los_Angeles,Account Executive,00E70000001MFrUEAW
2019-12-03T23:48:39.000+0000,Sales & Marketing,,False,0050g000005ft7EAAQ,False,00e70000000k56iAAA,America/Los_Angeles,Account Executive,00E70000001MFrZEAW
2014-07-15T00:56:48.000+0000,,,False,005700000035TkwAAE,False,00e70000000k4gzAAA,America/Los_Angeles,Chief Technology Officer,00E70000001b8yWEAQ
2015-02-17T19:52:12.000+0000,,,False,005700000037oHpAAI,False,00e70000000k4gVAAQ,America/Los_Angeles,,00E70000001bCjaEAE
2014-07-18T21:53:09.000+0000,,,False,005700000035WiZAAU,False,00e70000000k4gVAAQ,America/Los_Angeles,,00E70000001bCjkEAE
2014-09-09T20:55:18.000+0000,,,False,0057000000369HhAAI,False,00e70000000k4gzAAA,America/Los_Angeles,,00E70000001bCjkEAE
2015-05-21T02:37:37.000+0000,,,False,00570000004EIgYAAW,False,00e70000000k4gVAAQ,America/Los_Angeles,,00E70000001bCjkEAE
2019-12-13T19:08:04.000+0000,Sales & Marketing,,False,0050g000005fwJDAAY,True,00e70000000k56iAAA,America/Los_Angeles,Sales Development,
2020-01-22T16:13:58.000+0000,,,False,0050g000005g3QkAAI,True,00e700000017zrLAAQ,America/Los_Angeles,,
2020-03-11T20:14:27.000+0000,Sales,,False,0050g000005gQvqAAE,True,00e70000000k56iAAA,America/Los_Angeles,Account Executive,
2021-01-29T22:08:52.000+0000,Marketing,,False,0054u000006UVjBAAW,True,00e700000017zrLAAQ,America/Los_Angeles,Web Development,
2017-04-13T17:44:56.000+0000,,,False,00570000005102xAAA,True,00e700000017zrLAAQ,America/Los_Angeles,,
2021-08-09T19:26:01.000+0000,Marketing,,False,0054u000007TfNRAA0,True,00e4u000001SDMiAAO,America/Los_Angeles,,00E4u000001glJvEAI
2020-01-13T16:52:10.000+0000,Sales,,False,0050g000005g1QYAAY,True,00e70000000k55pAAA,America/Los_Angeles,VP Sales and Alliances,00E70000000up9eEAA
2016-11-07T20:29:49.000+0000,Sales & Marketing,,True,00570000004zBkcAAE,True,00e70000000k55pAAA,America/Los_Angeles,VP Global Sales,00E70000000up9eEAA
2019-06-10T16:11:39.000+0000,Customer Success,,False,0050g000005xmAQAAY,True,00e70000000k56iAAA,America/Los_Angeles,Customer Success Manager,00E70000000upA8EAI
2021-06-29T20:59:06.000+0000,Sales,,False,0054u000007T7pvAAC,True,00e70000000k56iAAA,America/Los_Angeles,,00E70000000upADEAY
2021-07-27T01:31:02.000+0000,Sales,,False,0054u000007TVUNAA4,True,00e70000000k56iAAA,America/Los_Angeles,Sales Development Representative,00E70000000upADEAY
2016-12-13T16:05:11.000+0000,Sales & Marketing,,True,00570000004zQyjAAE,True,00e70000000k56iAAA,America/Los_Angeles,Enterprise Account Executive,00E70000000upADEAY
2020-03-11T17:26:04.000+0000,Customer Success,,False,0050g000005gQtfAAE,True,00e700000017zrLAAQ,America/Los_Angeles,RVP of Customer Success,00E70000000upAIEAY
2020-09-29T22:44:58.000+0000,Marketing,,False,0054u000006TMcEAAW,True,00e700000017zrLAAQ,America/Los_Angeles,VP of Marketing,00E70000000upAIEAY
2021-03-02T16:47:28.000+0000,Sales,,True,0054u000006UsS8AAK,True,00e70000000k56iAAA,America/Los_Angeles,VP of Business Development,00E70000000upAIEAY
2015-01-19T20:04:10.000+0000,Customer Success,,True,005700000037TnBAAU,True,00e700000017zrLAAQ,America/Los_Angeles,"Sr. Director, Customer Success",00E70000000upAIEAY
2017-02-02T18:33:27.000+0000,Engineering,,False,005700000050LRNAA2,True,00e700000017zrLAAQ,America/Los_Angeles,Chief Technology Officer,00E70000000upAIEAY
2021-05-11T14:53:40.000+0000,Sales,,False,0054u000006VfDoAAK,True,00e70000000k56iAAA,America/Los_Angeles,,00E70000001MFrPEAW
2021-07-19T15:27:46.000+0000,Sales,,False,0054u000007TOcjAAG,True,00e70000000k56iAAA,America/Los_Angeles,,00E70000001MFrPEAW
2021-04-05T15:38:51.000+0000,Sales,,False,0054u000006VFivAAG,True,00e70000000k56iAAA,America/Los_Angeles,,00E70000001MFrUEAW
2021-05-05T02:17:16.000+0000,Sales,,False,0054u000006VaWMAA0,True,00e4u000001SDQPAA4,America/Los_Angeles,,00E70000001MFrUEAW
2021-05-11T14:52:59.000+0000,Sales,,False,0054u000006VfDZAA0,True,00e70000000k56iAAA,America/Los_Angeles,,00E70000001MFrUEAW
2020-08-26T14:17:25.000+0000,Sales,,False,0054u000006T96PAAS,True,00e70000000k56iAAA,America/Los_Angeles,Account Executive,00E70000001MFrZEAW
2021-03-09T17:36:33.000+0000,Sales,,False,0054u000006UwxPAAS,True,00e70000000k56iAAA,America/Los_Angeles,,00E70000001MFrZEAW
2021-06-02T14:32:23.000+0000,Marketing,,False,0054u000007SgghAAC,True,00e700000017zrRAAQ,America/Los_Angeles,,00E70000001bCjkEAE
2019-06-15T06:48:20.000+0000,,,False,0050g000005xoiFAAQ,True,00e0g000001SBp9AAG,America/Los_Angeles,,
2019-02-14T18:43:06.000+0000,Success,,False,0050g000005wrgFAAQ,False,00e70000000jseiAAA,America/Los_Angeles,,
2013-07-19T00:11:23.000+0000,,,False,00570000001xKG5AAM,False,00e70000000jseiAAA,America/Los_Angeles,,
2014-02-26T21:26:28.000+0000,,,False,0057000000347QkAAI,False,00e70000000jseiAAA,America/Los_Angeles,Account Executive,
2014-07-14T16:08:01.000+0000,,,False,005700000035TJ2AAM,False,00e70000000jsejAAA,America/Los_Angeles,,
2015-01-07T21:08:49.000+0000,,,False,005700000037NmgAAE,False,00e70000000jseiAAA,America/Los_Angeles,,
2015-01-08T08:53:57.000+0000,,,False,005700000037NvEAAU,False,00e70000000jseiAAA,America/Los_Angeles,,
2015-01-09T01:10:11.000+0000,,,False,005700000037OMAAA2,False,00e70000000jseiAAA,America/Los_Angeles,,
2015-01-10T05:29:27.000+0000,,,False,005700000037PBwAAM,False,00e70000000jseiAAA,America/Los_Angeles,,
2015-05-11T18:28:00.000+0000,,,False,00570000004E7WSAA0,False,00e70000000jsejAAA,America/Los_Angeles,,
2015-06-02T21:25:15.000+0000,,,False,00570000004ET38AAG,False,00e70000000jsejAAA,America/Los_Angeles,,
2015-07-08T19:10:34.000+0000,,,False,00570000004EsKdAAK,False,00e70000000jseiAAA,America/Los_Angeles,,
2015-12-28T18:24:50.000+0000,engineering,,False,00570000004XQw3AAG,False,00e70000000jsejAAA,America/Los_Angeles,Software Engineer,
2015-12-28T18:25:35.000+0000,Engineering,,False,00570000004XQw8AAG,False,00e70000000jseiAAA,America/Los_Angeles,,
2016-01-04T16:55:25.000+0000,Engineering,,False,00570000004XRI4AAO,False,00e70000000jsejAAA,America/Los_Angeles,1-Page,
2012-09-25T22:04:17.000+0000,,,False,00570000001vfghAAA,True,00e70000000jsejAAA,America/Los_Angeles,,
